,StateIssuedID,LEA Name,School Name,Site Address,Site City,Site St,Site ZIP,SchNo,SchoolName,Gr11,Gr12
0,01-013-3599,,Hettinger Public School,209 S 8th St,Hettinger,ND,58639,01-013-3599,Hettinger Public School,17,26
1,02-002-4601,,Jefferson Elem School,1150 Central Ave N,Valley City,ND,58072,02-002-4601,Jefferson Elem School,0,0
2,02-002-8954,,Valley City Jr-Sr High School,493 Central Ave N,Valley City,ND,58072,02-002-8954,Valley City Jr-Sr High School,78,92
3,02-002-9241,,Washington Elem School,510 8th Ave SW,Valley City,ND,58072,02-002-9241,Washington Elem School,0,0
4,02-007-9463,,Barnes County North Public School,2192 101st Ave SE,Wimbledon,ND,58492,02-007-9463,Barnes County North Public School,24,13
5,02-046-5298,,Litchville-Marion Elem School,304 6th Ave,Litchville,ND,58461,02-046-5298,Litchville-Marion Elem School,0,0
6,02-046-5483,,Litchville-Marion High School,104 2nd St,Marion,ND,58466,02-046-5483,Litchville-Marion High School,8,8
7,03-005-5741,,Minnewaukan Public School,4675 Hwy 281 N,Minnewaukan,ND,58351,03-005-5741,Minnewaukan Public School,16,12
8,03-006-5184,,Leeds Public School,530 1st St SE,Leeds,ND,58346,03-006-5184,Leeds Public School,14,7
9,03-009-0902,,Maddock Public School,909 1st St,Maddock,ND,58348,03-009-0902,Maddock Public School,10,8
10,03-016-6226,,Oberon Elem School,315 A St N,Oberon,ND,58357,03-016-6226,Oberon Elem School,0,0
11,03-029-9219,,Warwick Public School,210 4th Ave,Warwick,ND,58381,03-029-9219,Warwick Public School,10,8
12,03-030-2910,,Four Winds Comm High School,7268 Hwy 57 W,Fort Totten,ND,58335,03-030-2910,Four Winds Comm High School,43,22
13,04-001-1780,,DeMores Elem School,350 Broadway,Medora,ND,58645,04-001-1780,DeMores Elem School,0,0
14,04-001-7172,,Prairie Elem School,12793 20th St,Belfield,ND,58622,04-001-7172,Prairie Elem School,0,0
15,05-001-1033,,Bottineau Jr-Sr High School,301 Brander St,Bottineau,ND,58318,05-001-1033,Bottineau Jr-Sr High School,44,53
16,05-001-1035,,Bottineau Elem School,301 Brander St,Bottineau,ND,58318,05-001-1035,Bottineau Elem School,0,0
17,05-017-9325,,Westhope Public School,395 Main St,Westhope,ND,58793,05-017-9325,Westhope Public School,7,11
18,05-054-6043,,Newburg-United Public School,400 Libbie St,Newburg,ND,58762,05-054-6043,Newburg-United Public School,4,8
19,06-001-1043,,Bowman Co Public School,102 8th Ave SW,Bowman,ND,58623,06-001-1043,Bowman Co Public School,40,26
20,06-001-7421,,Rhame Elem School,402 4th Ave E,Rhame,ND,58651,06-001-7421,Rhame Elem School,0,0
21,06-033-7785,,Scranton Public School,1st and Fries,Scranton,ND,58653,06-033-7785,Scranton Public School,14,6
22,07-014-1037,,Bowbells Public School,200 Madison Ave,Bowbells,ND,58721,07-014-1037,Bowbells Public School,3,5
23,07-027-7158,,Powers Lake Public School,600 Railroad Ave E,Powers Lake,ND,58773,07-027-7158,Powers Lake Public School,11,14
24,07-036-5262,,Burke Central Public School,101 4th Ave W,Lignite,ND,58752,07-036-5262,Burke Central Public School,15,11
25,08-001-0970,,Bismarck High School,800 N 8th St,Bismarck,ND,58501,08-001-0970,Bismarck High School,280,257
26,08-001-1348,,Centennial Elem School,2800 Ithica Dr,Bismarck,ND,58503,08-001-1348,Centennial Elem School,0,0
27,08-001-1365,,Century High School,1000 E Century Ave,Bismarck,ND,58503,08-001-1365,Century High School,305,309
28,08-001-1897,,Dorothy Moses Elem School,1312 S Columbia Dr,Bismarck,ND,58504,08-001-1897,Dorothy Moses Elem School,0,0
29,08-001-3282,,Grimsrud Elem School,716 W St Benedict Dr,Bismarck,ND,58501,08-001-3282,Grimsrud Elem School,0,0
30,08-001-3612,,Highland Acres Elem School,1200 Prairie Dr,Bismarck,ND,58501,08-001-3612,Highland Acres Elem School,0,0
31,08-001-3795,,Horizon Middle School,500 Ash Coulee Dr,Bismarck,ND,58503,08-001-3795,Horizon Middle School,0,0
32,08-001-4580,,Jeannette Myhre Elem School,919 S 12th St,Bismarck,ND,58504,08-001-4580,Jeannette Myhre Elem School,0,0
33,08-001-5199,,Legacy High School,3400 Calgary Ave,Bismarck,ND,58503,08-001-5199,Legacy High School,276,267
34,08-001-5255,,Liberty Elem School,5400 Onyx Dr,Bismarck,ND,58503,08-001-5255,Liberty Elem School,0,0
35,08-001-5276,,Prairie Rose Elem School,2200 Oahe Bend,Bismarck,ND,58504,08-001-5276,Prairie Rose Elem School,0,0
36,08-001-5286,,Lincoln Elem School,3320 McCurry Way,Lincoln,ND,58504,08-001-5286,Lincoln Elem School,0,0
37,08-001-6129,,Robert Place Miller Elem School,1989 N 20th St,Bismarck,ND,58501,08-001-6129,Robert Place Miller Elem School,0,0
38,08-001-6132,,Northridge Elem School,1727 N 3rd St,Bismarck,ND,58501,08-001-6132,Northridge Elem School,0,0
39,08-001-7090,,Pioneer Elem School,1400 Braman Ave,Bismarck,ND,58501,08-001-7090,Pioneer Elem School,0,0
40,08-001-7472,,Rita Murphy Elem School,611 N 31st St,Bismarck,ND,58501,08-001-7472,Rita Murphy Elem School,0,0
41,08-001-7561,,Roosevelt Elem School,613 W Avenue B,Bismarck,ND,58501,08-001-7561,Roosevelt Elem School,0,0
42,08-001-7900,,Simle Middle School,1215 N 19th St,Bismarck,ND,58501,08-001-7900,Simle Middle School,0,0
43,08-001-8038,,Victor Solheim Elem School,325 Munich Dr,Bismarck,ND,58504,08-001-8038,Victor Solheim Elem School,0,0
44,08-001-8050,,South Central Alt High School,406 S Anderson St,Bismarck,ND,58504,08-001-8050,South Central Alternative High School,47,40
45,08-001-8263,,Sunrise Elem School,3800 Nickerson Ave,Bismarck,ND,58503,08-001-8263,Sunrise Elem School,0,0
46,08-001-9160,,BECEP Center,720 N 14th St,Bismarck,ND,58501,08-001-9160,BECEP Center,0,0
47,08-001-9163,,Wachter Middle School,1107 S 7th St,Bismarck,ND,58504,08-001-9163,Wachter Middle School,0,0
48,08-001-9414,,Will-Moore Elem School,400 E Avenue E,Bismarck,ND,58501,08-001-9414,Will-Moore Elem School,0,0
49,08-025-5985,,Naughton School,9101 123rd Ave NE,Bismarck,ND,58503,08-025-5985,Naughton School,0,0
50,08-028-9470,,Wing Public School,4th and Main,Wing,ND,58494,08-028-9470,Wing Public School,8,4
51,08-033-5666,,Menoken Elem School,412 N Bismarck St,Menoken,ND,58558,08-033-5666,Menoken Elem School,0,0
52,08-035-8236,,Sterling Elem School,118 McKenzie St,Sterling,ND,58572,08-035-8236,Sterling Elem School,0,0
53,08-039-0486,,Apple Creek School,2000 93rd St SE,Bismarck,ND,58504,08-039-0486,Apple Creek School,0,0
54,08-045-5466,,Manning School,10500 Hwy 1804 S,Bismarck,ND,58504,08-045-5466,Manning School,0,0
55,09-001-0713,,Ben Franklin Middle School,1420 8th St N,Fargo,ND,58102,09-001-0713,Ben Franklin Middle School,0,0
56,09-001-0898,,Bennett Elem School,2000 S 58th Ave,Fargo,ND,58104,09-001-0898,Bennett Elem School,0,0
57,09-001-1292,,Carl Ben Eielson Middle School,1601 13th Ave S,Fargo,ND,58103,09-001-1292,Carl Ben Eielson Middle School,0,0
58,09-001-1418,,Clara Barton Hawthorne Elem School,1417 6th St S,Fargo,ND,58103,09-001-1418,Clara Barton Hawthorne Elem School,0,0
59,09-001-1740,,Fargo Davies High School,7150 25th St S,Fargo,ND,58104,09-001-1740,Fargo Davies High School,288,311
60,09-001-1855,,Discovery Middle School,1717 40th Ave S,Fargo,ND,58104,09-001-1855,Discovery Middle School,0,0
61,09-001-2080,,Eagles Elem School,3502 University Dr,Fargo,ND,58104,09-001-2080,Eagles Elem School,0,0
62,09-001-2104,,Ed Clapp Elem School,3131 S 28th St,Fargo,ND,58103,09-001-2104,Ed Clapp Elem School,0,0
63,09-001-2744,,South High School,1840 15th Ave S,Fargo,ND,58103,09-001-2744,South High School,241,261
64,09-001-2789,,Centennial Elem School,4201 25th St S,Fargo,ND,58104,09-001-2789,Centennial Elem School,0,0
65,09-001-3733,,Horace Mann Roosevelt Elem School,1025 3rd St N,Fargo,ND,58102,09-001-3733,Horace Mann Roosevelt Elem School,0,0
66,09-001-4598,,Jefferson Elem School,1701 4th Ave S,Fargo,ND,58103,09-001-4598,Jefferson Elem School,0,0
67,09-001-4883,,Kennedy Elem School,4401 42nd St S,Fargo,ND,58104,09-001-4883,Kennedy Elem School,0,0
68,09-001-4932,,Early Childhood Special Education School,1305 9th Ave S,Fargo,ND,58103,09-001-4932,Early Childhood Special Education School,0,0
69,09-001-5222,,Lewis and Clark Elem School,1729 16th St S,Fargo,ND,58103,09-001-5222,Lewis and Clark Elem School,0,0
70,09-001-5277,,Lincoln Elem School,2120 9th St S,Fargo,ND,58103,09-001-5277,Lincoln Elem School,0,0
71,09-001-5324,,Longfellow Elem School,20 29th Ave NE,Fargo,ND,58102,09-001-5324,Longfellow Elem School,0,0
72,09-001-5435,,Madison Elem School,1040 N 29th St,Fargo,ND,58102,09-001-5435,Madison Elem School,0,0
73,09-001-5625,,McKinley Elem School,2930 8th St N,Fargo,ND,58102,09-001-5625,McKinley Elem School,0,0
74,09-001-6125,,North High School,801 17th Ave N,Fargo,ND,58102,09-001-6125,North High School,263,191
75,09-001-9243,,Washington Elem School,1725 N Broadway,Fargo,ND,58102,09-001-9243,Washington Elem School,0,0
76,09-001-9516,,Woodrow Wilson Alt High School,1305 9th Ave S,Fargo,ND,58103,09-001-9516,Woodrow Wilson Alternative High School,44,103
77,09-002-4933,,Kindred Elem School,55 1st Ave S,Kindred,ND,58051,09-002-4933,Kindred Elem School,0,0
78,09-002-4934,,Kindred High School,255 Dakota St,Kindred,ND,58051,09-002-4934,Kindred High School,51,41
79,09-004-1148,,Maple Valley High School,207 Broadway,Tower City,ND,58071,09-004-1148,Maple Valley High School,13,18
80,09-004-6641,,Oriska Elem School,502 2nd Ave,Oriska,ND,58063,09-004-6641,Oriska Elem School,0,0
81,09-004-9310,,West Elem School,400 Dakota Ave NW,Buffalo,ND,58011,09-004-9310,West Elem School,0,0
82,09-004-9360,,Wheatland Colony School,3361 134th Ave SE,Tower City,ND,58071,09-004-9360,Wheatland Colony School,0,0
83,09-006-0545,,Aurora Elem School,3420 9th St W,West Fargo,ND,58078,09-006-0545,Aurora Elem School,0,0
84,09-006-1062,,Brooks Harbor Elem School,801 22nd Ave W,West Fargo,ND,58078,09-006-1062,Brooks Harbor Elem School,0,0
85,09-006-2100,,Clayton A Lodoen Kindergarten Center,330 3rd Ave E,West Fargo,ND,58078,09-006-2100,Clayton A Lodoen Kindergarten Center,0,0
86,09-006-2752,,Eastwood Elem School,500 10th Ave E,West Fargo,ND,58078,09-006-2752,Eastwood Elem School,0,0
87,09-006-2896,,Freedom Elem School,401 26th Ave E,West Fargo,ND,58078,09-006-2896,Freedom Elem School,0,0
88,09-006-3500,,Harwood Elem School,110 Freedland Dr,Harwood,ND,58042,09-006-3500,Harwood Elem School,0,0
89,09-006-3738,,Horace Elem School,110 3rd Ave N,Horace,ND,58047,09-006-3738,Horace Elem School,0,0
90,09-006-5071,,L E Berger Elem School,631 4th Ave E,West Fargo,ND,58078,09-006-5071,L E Berger Elem School,0,0
91,09-006-5090,,Cheney Middle School,825 17th Ave E,West Fargo,ND,58078,09-006-5090,Cheney Middle School,0,0
92,09-006-5201,,Legacy Elem School,5150 9th St W,West Fargo,ND,58078,09-006-5201,Legacy Elem School,0,0
93,09-006-5258,,Liberty Middle School,801 36th Ave E,West Fargo,ND,58078,09-006-5258,Liberty Middle School,0,0
94,09-006-7865,,West Fargo Sheyenne High School,800 40th Ave E,West Fargo,ND,58078,09-006-7865,West Fargo Sheyenne High School,295,297
95,09-006-8054,,South Elem School,117 6th Ave W,West Fargo,ND,58078,09-006-8054,South Elem School,0,0
96,09-006-8061,,Osgood Kindergarten Center,5550 44th Ave S,Fargo,ND,58104,09-006-8061,Osgood Kindergarten Center,0,0
97,09-006-9315,,West Fargo High School,801 9th St E,West Fargo,ND,58078,09-006-9315,West Fargo High School,378,359
98,09-006-9316,,Independence Elem School,3700 54th St S,Fargo,ND,58104,09-006-9316,Independence Elem School,0,0
99,09-006-9350,,Westside Elem School,945 7th Ave W,West Fargo,ND,58078,09-006-9350,Westside Elem School,0,0
100,09-007-5479,,Mapleton Elem School,506 1st St,Mapleton,ND,58059,09-007-5479,Mapleton Elem School,0,0
101,09-017-1354,,Central Cass Public School,802 5th St N,Casselton,ND,58012,09-017-1354,Central Cass Public School,69,45
102,09-080-6882,,Page Elem School,630 May Ave,Page,ND,58064,09-080-6882,Page Elem School,0,0
103,09-097-6121,,Northern Cass Public School,16021 18th St SE,Hunter,ND,58048,09-097-6121,Northern Cass Public School,39,45
104,10-019-5895,,Munich Public School,410 7th Ave,Munich,ND,58352,10-019-5895,Munich Public School,6,8
105,10-023-5153,,Langdon Area High School,715 14th Ave,Langdon,ND,58249,10-023-5153,Langdon Area High School,24,23
106,10-023-5154,,Langdon Area Elem School,721 11th Ave,Langdon,ND,58249,10-023-5154,Langdon Area Elem School,0,0
107,11-040-2333,,Ellendale Public School,321 N 1st St,Ellendale,ND,58436,11-040-2333,Ellendale Public School,22,29
108,11-040-5481,,Maple River Elem School,9262 93rd Ave SE,Fullerton,ND,58441,11-040-5481,Maple River Elem School,0,0
109,11-041-3308,,Oakes Elem School,804 Main Ave,Oakes,ND,58474,11-041-3308,Oakes Elem School,0,0
110,11-041-6215,,Oakes High School,804 Main Ave,Oakes,ND,58474,11-041-6215,Oakes High School,26,39
111,12-001-1860,,Divide County Elem School,101 2nd St NE,Crosby,ND,58730,12-001-1860,Divide County Elem School,0,0
112,12-001-1866,,Divide County High School,605 SE 4th,Crosby,ND,58730,12-001-1866,Divide County High School,18,30
113,13-016-4927,,Killdeer Public School,101 High St NW,Killdeer,ND,58640,13-016-4927,Killdeer Public School,30,30
114,13-019-3390,,Halliday Elem School,30 4th St S,Halliday,ND,58636,13-019-3390,Halliday Elem School,0,0
115,13-037-8582,,Twin Buttes Elem School,7997 7A St NW,Halliday,ND,58636,13-037-8582,Twin Buttes Elem School,0,0
116,14-002-5971,,New Rockford-Sheyenne Public School,437 1st Ave N,New Rockford,ND,58356,14-002-5971,New Rockford-Sheyenne Public School,26,17
117,15-006-3525,,Hazelton-Mof-Brad Public School,211 Hazel Ave,Hazelton,ND,58544,15-006-3525,Hazelton-Mof-Brad Public School,11,4
118,15-010-0772,,Bakker Elem School,880 96th St SE,Hague,ND,58542,15-010-0772,Bakker Elem School,0,0
119,15-015-8247,,Strasburg Elem School,301 1st St N,Strasburg,ND,58573,15-015-8247,Strasburg Elem School,0,0
120,15-015-8248,,Strasburg High School,301 1st St N,Strasburg,ND,58573,15-015-8248,Strasburg High School,9,11
121,15-036-5288,,Linton Public School,101 NE 3rd St,Linton,ND,58552,15-036-5288,Linton Public School,22,18
122,16-049-1303,,Carrington Elem School,232 9th Ave N,Carrington,ND,58421,16-049-1303,Carrington Elem School,0,0
123,16-049-1304,,Carrington High School,100 3rd Ave S,Carrington,ND,58421,16-049-1304,Carrington High School,44,36
124,17-003-0850,,Beach High School,600 N Central Ave,Beach,ND,58621,17-003-0850,Beach High School,26,25
125,17-003-5278,,Lincoln Elem School,201 1st Ave SE,Beach,ND,58621,17-003-5278,Lincoln Elem School,0,0
126,17-006-3191,,Golva Elem School,301 Terrell Ave,Golva,ND,58632,17-006-3191,Golva Elem School,0,0
127,18-001-0892,,Phoenix Elem School,351 4th Ave S,Grand Forks,ND,58201,18-001-0892,Phoenix Elem School,0,0
128,18-001-0896,,Ben Franklin Elem School,1016 S 20th St,Grand Forks,ND,58201,18-001-0896,Ben Franklin Elem School,0,0
129,18-001-1364,,Century Elem School,3351 17th Ave S,Grand Forks,ND,58201,18-001-1364,Century Elem School,0,0
130,18-001-1530,,Community Alt High School,500 Stanford Road,Grand Forks,ND,58203,18-001-1530,Community Alternative High School,22,54
131,18-001-1856,,Discovery Elem School,3300 43rd Ave S,Grand Forks,ND,58201,18-001-1856,Discovery Elem School,0,0
132,18-001-3239,,Central High School,115 N 4th St,Grand Forks,ND,58203,18-001-3239,Central High School,224,236
133,18-001-4499,,J Nelson Kelly Elem School,3000 Cherry St,Grand Forks,ND,58201,18-001-4499,J Nelson Kelly Elem School,0,0
134,18-001-5125,,Lake Agassiz Elem School,605 Stanford Rd,Grand Forks,ND,58203,18-001-5125,Lake Agassiz Elem School,0,0
135,18-001-5225,,Lewis and Clark Elem School,1100 13th Ave S,Grand Forks,ND,58201,18-001-5225,Lewis and Clark Elem School,0,0
136,18-001-5983,,Nathan Twining Elem-Middle School,1422 N Louisiana St,Grand Forks AFB,ND,58204,18-001-5983,Nathan Twining Elem-Middle School,0,0
137,18-001-7360,,Red River High School,2211 17th Ave S,Grand Forks,ND,58201,18-001-7360,Red River High School,268,284
138,18-001-7771,,Schroeder Middle School,800 32nd Ave S,Grand Forks,ND,58201,18-001-7771,Schroeder Middle School,0,0
139,18-001-8062,,South Middle School,1999 47th Ave S,Grand Forks,ND,58201,18-001-8062,South Middle School,0,0
140,18-001-8975,,Valley Middle School,2100 5th Ave N,Grand Forks,ND,58203,18-001-8975,Valley Middle School,0,0
141,18-001-9034,,Viking Elem School,809 22nd Ave S,Grand Forks,ND,58201,18-001-9034,Viking Elem School,0,0
142,18-001-9313,,West Elem School,615 N 25th St,Grand Forks,ND,58203,18-001-9313,West Elem School,0,0
143,18-001-9406,,Wilder Elem School,1009 N 3rd St,Grand Forks,ND,58203,18-001-9406,Wilder Elem School,0,0
144,18-001-9475,,Winship Elem School,1412 5th Ave N,Grand Forks,ND,58203,18-001-9475,Winship Elem School,0,0
145,18-044-5163,,Larimore Elem School,700 Clark Ave,Larimore,ND,58251,18-044-5163,Larimore Elem School,0,0
146,18-044-5169,,Larimore High School,300 Booth Ave,Larimore,ND,58251,18-044-5169,Larimore High School,25,25
147,18-061-8416,,Thompson Public School,424 3rd St,Thompson,ND,58278,18-061-8416,Thompson Public School,39,27
148,18-125-5473,,Manvel Elem School,801 Oldham Ave,Manvel,ND,58256,18-125-5473,Manvel Elem School,0,0
149,18-127-2362,,Emerado Elem School,501 Main St,Emerado,ND,58228,18-127-2362,Emerado Elem School,0,0
150,18-128-5707,,Midway Public School,3202 33rd Ave NE,Inkster,ND,58233,18-128-5707,Midway Public School,15,10
151,18-129-6134,,Northwood Public School,420 Trojan Rd,Northwood,ND,58267,18-129-6134,Northwood Public School,10,17
152,19-018-1306,,Roosevelt Elem School,210 2nd Ave W,Carson,ND,58529,19-018-1306,Roosevelt Elem School,0,0
153,19-049-2328,,Elgin-New Leipzig Public School,110 West Street N,Elgin,ND,58533,19-049-2328,Elgin-New Leipzig Public School,12,16
154,20-007-0958,,Midkota Elem School,203 Curtis Ave W,Binford,ND,58416,20-007-0958,Midkota Elem School,0,0
155,20-007-3172,,Midkota High School,81 School Ave,Glenfield,ND,58443,20-007-3172,Midkota High School,12,10
156,20-018-1555,,Griggs County Central Public School,1207 Foster Ave NE,Cooperstown,ND,58425,20-018-1555,Griggs County Central Public School,10,12
157,21-001-5858,,Mott-Regent Public School,205 Dakota Ave,Mott,ND,58646,21-001-5858,Mott-Regent Public School,17,14
158,21-009-6026,,New England Public School,1200 Main St,New England,ND,58647,21-009-6026,New England Public School,15,17
159,22-001-8232,,Steele-Dawson Public School,101 4th St SE,Steele,ND,58482,22-001-8232,Steele-Dawson Public School,33,22
160,22-001-8318,,Tappen Elem School,325 2nd St NE,Tappen,ND,58487,22-001-8318,Tappen Elem School,0,0
161,23-003-2106,,Willow Bank Colony School,8827 76th St SE,Edgeley,ND,58433,23-003-2106,Willow Bank Colony School,0,0
162,23-003-2107,,Edgeley Public School,307 6th St,Edgeley,ND,58433,23-003-2107,Edgeley Public School,19,12
163,23-007-5072,,Kulm Public School,217 2nd Ave SW,Kulm,ND,58456,23-007-5072,Kulm Public School,11,6
164,23-008-5144,,LaMoure Colony School,9644 74th St SE,LaMoure,ND,58458,23-008-5144,LaMoure Colony School,0,0
165,23-008-5145,,LaMoure Public School,105 6th Ave SE,LaMoure,ND,58458,23-008-5145,LaMoure Public School,25,16
166,24-002-5977,,Napoleon Public School,615 3rd St E,Napoleon,ND,58561,24-002-5977,Napoleon Public School,25,19
167,24-056-3013,,Gackle-Streeter Public School,300 2nd Ave E,Gackle,ND,58442,24-056-3013,Gackle-Streeter Public School,3,6
168,25-001-9003,,Velva Public School,101 W 4th St,Velva,ND,58790,25-001-9003,Velva Public School,29,37
169,25-014-0389,,Anamoose Elem School,706 3rd St W,Anamoose,ND,58710,25-014-0389,Anamoose Elem School,0,0
170,25-057-1925,,Drake High School,411 Main,Drake,ND,58736,25-057-1925,Drake High School,14,16
171,25-060-3253,,TGU Granville Public School,210 6th St SW,Granville,ND,58741,25-060-3253,TGU Granville Public School,12,8
172,25-060-6046,,TGU Towner Public School,302 2nd St SE,Towner,ND,58788,25-060-6046,TGU Towner Public School,15,16
173,26-004-9849,,Zeeland Public School,510 S Main St,Zeeland,ND,58581,26-004-9849,Zeeland Public School,3,2
174,26-009-0539,,Ashley Public School,703 W Main St,Ashley,ND,58413,26-009-0539,Ashley Public School,14,7
175,26-019-9477,,Wishek Public School,200 Badger St S,Wishek,ND,58495,26-019-9477,Wishek Public School,12,11
176,27-001-5606,,Watford City High School,2313 Wolves Den Parkway,Watford City,ND,58854,27-001-5606,Watford City High School,96,75
177,27-001-5607,,Watford City Elem School,300 3rd St SE,Watford City,ND,58854,27-001-5607,Watford City Elem School,0,0
178,27-001-5609,,Watford City Middle School,2313 Wolves Den Parkway,Watford City,ND,58854,27-001-5609,Watford City Middle School,0,0
179,27-002-0315,,Alexander Public School,601 Delaney St,Alexander,ND,58831,27-002-0315,Alexander Public School,17,9
180,27-014-2741,,East Fairview Elem School,301 2nd St S and Prospect Ave,Fairview,MT,59221,27-014-2741,East Fairview Elem School,0,0
181,27-032-3741,,Horse Creek School,1812 Horse Creek Rd,Cartwright,ND,58838,27-032-3741,Horse Creek School,0,0
182,27-036-5459,,Mandaree Public School,1 Warrior Circle,Mandaree,ND,58757,27-036-5459,Mandaree Public School,12,16
183,28-001-9451,,Wilton Public School,504 Dakota Ave,Wilton,ND,58579,28-001-9451,Wilton Public School,17,17
184,28-004-9239,,Washburn Public School,713 7th St,Washburn,ND,58577,28-004-9239,Washburn Public School,24,24
185,28-008-8806,,Underwood Public School,123 Summit St,Underwood,ND,58576,28-008-8806,Underwood Public School,9,14
186,28-050-5519,,Max Public School,2855 Hwy 83 NW,Max,ND,58759,28-050-5519,Max Public School,10,16
187,28-051-0990,,Bob Callies Elem School,205 2nd Ave NE,Garrison,ND,58540,28-051-0990,Bob Callies Elem School,0,0
188,28-051-3052,,Garrison High School,51 5th Ave NE,Garrison,ND,58540,28-051-3052,Garrison High School,21,33
189,28-072-8562,,Turtle Lake-Mercer Public School,250 3rd Ave W,Turtle Lake,ND,58575,28-072-8562,Turtle Lake-Mercer Public School,11,8
190,28-085-9363,,White Shield Public School,2 2nd Ave W,White Shield,ND,58775,28-085-9363,White Shield Public School,13,10
191,29-003-3528,,Hazen Elem School,519 1st Ave NE,Hazen,ND,58545,29-003-3528,Hazen Elem School,0,0
192,29-003-3529,,Hazen High School,520 1st Ave NE,Hazen,ND,58545,29-003-3529,Hazen High School,34,37
193,29-027-0924,,Beulah High School,204 5th St NW,Beulah,ND,58523,29-027-0924,Beulah High School,66,43
194,29-027-0926,,Beulah Middle School,1700 Central Ave N,Beulah,ND,58523,29-027-0926,Beulah Middle School,0,0
195,29-027-0928,,Beulah Elem School,200 7th St NW,Beulah,ND,58523,29-027-0928,Beulah Elem School,0,0
196,30-001-1057,,Brave Center Academy,901 Division St NW,Mandan,ND,58554,30-001-1057,Brave Center Academy,11,24
197,30-001-1656,,Custer Elem School,205 8th Ave NE,Mandan,ND,58554,30-001-1656,Custer Elem School,0,0
198,30-001-2925,,Ft Lincoln Elem School,2007 8th Ave SE,Mandan,ND,58554,30-001-2925,Ft Lincoln Elem School,0,0
199,30-001-5228,,Lewis and Clark Elem School,600 14th St NW,Mandan,ND,58554,30-001-5228,Lewis and Clark Elem School,0,0
200,30-001-5453,,Mandan High School,905 8th Ave NW,Mandan,ND,58554,30-001-5453,Mandan High School,235,208
201,30-001-5457,,Mandan Middle School,2901 12th Ave NW,Mandan,ND,58554,30-001-5457,Mandan Middle School,0,0
202,30-001-7361,,Red Trail Elem School,4801 37th Ave NW,Mandan,ND,58554,30-001-7361,Red Trail Elem School,0,0
203,30-001-7569,,Roosevelt Elem School,305 10th Ave NW,Mandan,ND,58554,30-001-7569,Roosevelt Elem School,0,0
204,30-001-8286,,Mary Stark Elem School,405 8th Ave SW,Mandan,ND,58554,30-001-8286,Mary Stark Elem School,0,0
205,30-004-8123,,Little Heart Elem School,2354 County Rd 136,Saint Anthony,ND,58566,30-004-8123,Little Heart Elem School,0,0
206,30-013-3537,,Hebron Public School,400 Church Ave,Hebron,ND,58638,30-013-3537,Hebron Public School,10,11
207,30-017-8274,,Sweet Briar School,4060 County Rd 83,Mandan,ND,58554,30-017-8274,Sweet Briar School,0,0
208,30-039-2854,,Flasher Public School,206 3rd Ave E,Flasher,ND,58535,30-039-2854,Flasher Public School,22,14
209,30-048-3165,,Glen Ullin Public School,6508 Hwy 49,Glen Ullin,ND,58631,30-048-3165,Glen Ullin Public School,14,5
210,30-049-6033,,New Salem-Almont High School,310 Elm Ave,New Salem,ND,58563,30-049-6033,New Salem-Almont High School,32,17
211,30-049-7176,,Prairie View Elem School,400 N 4th St,New Salem,ND,58563,30-049-7176,Prairie View Elem School,0,0
212,31-001-6036,,Edwin Loe Elem School,206 2nd Ave E,New Town,ND,58763,31-001-6036,Edwin Loe Elem School,0,0
213,31-001-6039,,New Town High School,300 Eagle Dr,New Town,ND,58763,31-001-6039,New Town High School,53,42
214,31-002-8217,,Stanley Elem School,118 4th Ave SW,Stanley,ND,58784,31-002-8217,Stanley Elem School,0,0
215,31-002-8218,,Stanley High School,109 8th Ave SW,Stanley,ND,58784,31-002-8218,Stanley High School,55,38
216,31-003-6923,,Parshall Elem School,211 1st Ave NW,Parshall,ND,58770,31-003-6923,Parshall Elem School,0,0
217,31-003-6925,,Parshall High School,501 N Main St,Parshall,ND,58770,31-003-6925,Parshall High School,21,16
218,32-001-5641,,Dakota Prairie Elem School,101 Nyhus Ave,McVille,ND,58254,32-001-5641,Dakota Prairie Elem School,0,0
219,32-001-8826,,Dakota Prairie High School,518 4th St,Petersburg,ND,58272,32-001-8826,Dakota Prairie High School,21,13
220,32-066-5136,,Lakota High School,500 Main St N,Lakota,ND,58344,32-066-5136,Lakota High School,8,21
221,32-066-5137,,Lakota Elem School,316 E Ave East,Lakota,ND,58344,32-066-5137,Lakota Elem School,0,0
222,33-001-1350,,Center-Stanton Public School,315 Lincoln Ave,Center,ND,58530,33-001-1350,Center-Stanton Public School,10,8
223,34-006-1323,,Cavalier Public School,300 Main St E,Cavalier,ND,58220,34-006-1323,Cavalier Public School,27,31
224,34-019-1928,,Drayton Public School,108 S 5th St,Drayton,ND,58225,34-019-1928,Drayton Public School,13,10
225,34-043-8212,,St Thomas Public School,375 Heritage,Saint Thomas,ND,58276,34-043-8212,St Thomas Public School,4,4
226,34-100-6982,,North Border-Pembina Public School,155 S 3rd St,Pembina,ND,58271,34-100-6982,North Border-Pembina Public School,10,6
227,34-100-9186,,North Border-Walhalla Public School,605 10th St,Walhalla,ND,58282,34-100-9186,North Border-Walhalla Public School,21,13
228,34-118-1626,,Valley-Edinburg Elem School-Crystal,4013 Euclid Ave,Crystal,ND,58222,34-118-1626,Valley-Edinburg Elem School-Crystal,0,0
229,34-118-2109,,Valley-Edinburg High School,600 5th St S,Edinburg,ND,58227,34-118-2109,Valley-Edinburg High School,17,16
230,34-118-3721,,Valley-Edinburg Elem School-Hoople,2040 Myrtle Ave,Hoople,ND,58243,34-118-3721,Valley-Edinburg Elem School-Hoople,0,0
231,35-001-9508,,Wolford Public School,401 3rd Ave SW,Wolford,ND,58385,35-001-9508,Wolford Public School,4,1
232,35-005-7614,,Rugby High School,1123 S Main Ave,Rugby,ND,58368,35-005-7614,Rugby High School,37,47
233,35-005-7616,,Rugby Ely Elem School,207 2nd St SW,Rugby,ND,58368,35-005-7616,Rugby Ely Elem School,0,0
234,36-001-1829,,Devils Lake High School,1601 College Drive N,Devils Lake,ND,58301,36-001-1829,Devils Lake High School,120,111
235,36-001-1833,,Central Middle School,325 7th St NE,Devils Lake,ND,58301,36-001-1833,Central Middle School,0,0
236,36-001-5743,,Minnie H Kindergarten Center,210 College Drive S,Devils Lake,ND,58301,36-001-5743,Minnie H Kindergarten Center,0,0
237,36-001-7178,,Prairie View Elem School,200 12th Ave NE,Devils Lake,ND,58301,36-001-7178,Prairie View Elem School,0,0
238,36-001-8280,,Sweetwater Elem School,1304 2nd Ave NE,Devils Lake,ND,58301,36-001-8280,Sweetwater Elem School,0,0
239,36-002-2113,,Edmore Public School,706 N Main St,Edmore,ND,58330,36-002-2113,Edmore Public School,4,5
240,36-044-8230,,Starkweather Public School,505 E Main,Starkweather,ND,58377,36-044-8230,Starkweather Public School,2,1
241,37-006-2898,,Ft Ransom Elem School,135 Mill Rd,Fort Ransom,ND,58033,37-006-2898,Ft Ransom Elem School,0,0
242,37-019-5290,,Lisbon Elem School,502 Ash St,Lisbon,ND,58054,37-019-5290,Lisbon Elem School,0,0
243,37-019-5293,,Lisbon Middle School,502 Elm St,Lisbon,ND,58054,37-019-5293,Lisbon Middle School,0,0
244,37-019-5296,,Lisbon High School,502 Ash St,Lisbon,ND,58054,37-019-5296,Lisbon High School,44,45
245,37-024-2387,,Enderlin Area Public School,410 Bluff St,Enderlin,ND,58027,37-024-2387,Enderlin Area Public School,19,23
246,37-024-3252,,Grant Colony School,5543 129th Ave SE,Enderlin,ND,58027,37-024-3252,Grant Colony School,0,0
247,38-001-5778,,MLS-Mohall Public School,101 3rd St NW,Mohall,ND,58761,38-001-5778,MLS-Mohall Public School,25,16
248,38-026-3169,,Glenburn Public School,102 Raymond St,Glenburn,ND,58740,38-026-3169,Glenburn Public School,18,22
249,39-008-3432,,Hankinson Public School,415 1st Ave SE,Hankinson,ND,58041,39-008-3432,Hankinson Public School,20,14
250,39-018-2739,,Fairmount Public School,400 E Main,Fairmount,ND,58030,39-018-2739,Fairmount Public School,7,3
251,39-028-5260,,Lidgerwood Public School,28 3rd Ave SE,Lidgerwood,ND,58053,39-028-5260,Lidgerwood Public School,11,20
252,39-037-1362,,Wahpeton Elem School,1235 12th St N,Wahpeton,ND,58075,39-037-1362,Wahpeton Elem School,0,0
253,39-037-1363,,Wahpeton Middle School,1265 12th St N,Wahpeton,ND,58075,39-037-1363,Wahpeton Middle School,0,0
254,39-037-9170,,Wahpeton High School,1021 11th St N,Wahpeton,ND,58075,39-037-9170,Wahpeton High School,80,80
255,39-037-9887,,Zimmerman Elem School,508 9th St N,Wahpeton,ND,58075,39-037-9887,Zimmerman Elem School,0,0
256,39-042-9627,,Wyndmere Public School,101 Date Ave,Wyndmere,ND,58081,39-042-9627,Wyndmere Public School,19,15
257,39-044-2031,,Richland Elem School,106 Broadway,Abercrombie,ND,58001,39-044-2031,Richland Elem School,0,0
258,39-044-6120,,Richland Jr-Sr High School,101 Main Ave,Colfax,ND,58018,39-044-6120,Richland Jr-Sr High School,20,16
259,40-001-1966,,Dunseith High School,301 3rd Ave SW,Dunseith,ND,58329,40-001-1966,Dunseith High School,43,34
260,40-001-1968,,Dunseith Elem School,101 2nd Ave SW,Dunseith,ND,58329,40-001-1968,Dunseith Elem School,0,0
261,40-003-8152,,St John Public School,400 Foussard Ave,Saint John,ND,58369,40-003-8152,St John Public School,36,28
262,40-004-5055,,Mt Pleasant Public School,201 5th St NE,Rolla,ND,58367,40-004-5055,Mt Pleasant Public School,13,17
263,40-007-8461,,Tiny Turtles Preschool,1221 William Hardesty Street,Belcourt,ND,58316,40-007-8461,Tiny Turtles Preschool,0,0
264,40-007-8565,,Turtle Mountain Community Elem School,1209 Guilbert Godon St,Belcourt,ND,58316,40-007-8565,Turtle Mountain Community Elem School,0,0
265,40-007-8566,,Turtle Mountain Community Middle School,1330 Braves Blvd,Belcourt,ND,58316,40-007-8566,Turtle Mountain Community Middle School,0,0
266,40-007-8567,,Turtle Mountain Community High School,1350 Braves Boulevard,Belcourt,ND,58316,40-007-8567,Turtle Mountain Community High School,138,122
267,40-029-7555,,Rolette Public School,901 3rd Ave NE,Rolette,ND,58366,40-029-7555,Rolette Public School,13,12
268,41-002-5719,,Milnor Public School,530 5th St,Milnor,ND,58060,41-002-5719,Milnor Public School,17,18
269,41-002-7757,,Sundale Colony School,14226 75th St SE,Milnor,ND,58060,41-002-7757,Sundale Colony School,0,0
270,41-003-6130,,North Sargent Public School,16 1st St SW,Gwinner,ND,58040,41-003-6130,North Sargent Public School,20,17
271,41-006-7709,,Sargent Central Public School,575 5th St SW,Forman,ND,58032,41-006-7709,Sargent Central Public School,13,13
272,42-016-3199,,Goodrich Public School,211 4th St,Goodrich,ND,58444,42-016-3199,Goodrich Public School,3,3
273,42-019-5320,,McClusky Elem School,121 F Ave W,McClusky,ND,58463,42-019-5320,McClusky Elem School,0,0
274,42-019-5532,,McClusky High School,219 Ave D W,McClusky,ND,58463,42-019-5532,McClusky High School,7,7
275,43-003-1278,,Cannon Ball Elem School,7080 8th Ave,Cannon Ball,ND,58528,43-003-1278,Cannon Ball Elem School,0,0
276,43-003-8036,,Solen High School,902 E Broadway,Solen,ND,58570,43-003-8036,Solen High School,15,13
277,43-004-2921,,Ft Yates Middle School,9189 Hwy 24,Fort Yates,ND,58538,43-004-2921,Ft Yates Public Middle School,0,0
278,43-008-7804,,Selfridge Public School,210 2nd Ave S,Selfridge,ND,58568,43-008-7804,Selfridge Public School,4,7
279,44-012-5486,,Marmarth Elem School,301 2nd Ave SE,Marmarth,ND,58643,44-012-5486,Marmarth Elem School,0,0
280,44-032-0373,,Amidon Elem School,106 Court Ave,Amidon,ND,58620,44-032-0373,Amidon Elem School,0,0
281,45-001-1844,,Southwest Community High School,402 4th St W,Dickinson,ND,58601,45-001-1844,Southwest Community High School,4,21
282,45-001-1845,,Dickinson High School,979 13th Ave W,Dickinson,ND,58601,45-001-1845,Dickinson High School,251,197
283,45-001-1848,,Dickinson Middle School,2675 21st St W,Dickinson,ND,58601,45-001-1848,Dickinson Middle School,0,0
284,45-001-2099,,Early Childhood Center,107 3rd Ave SE,Dickinson,ND,58601,45-001-2099,Early Childhood Center,0,0
285,45-001-3160,,Heart River Elem School,720 7th St SW,Dickinson,ND,58601,45-001-3160,Heart River Elem School,0,0
286,45-001-4600,,Jefferson Elem School,599 11th Ave W,Dickinson,ND,58601,45-001-4600,Jefferson Elem School,0,0
287,45-001-5282,,Lincoln Elem School,102 10th St W,Dickinson,ND,58601,45-001-5282,Lincoln Elem School,0,0
288,45-001-7173,,Prairie Rose Elem School,2785 10th Ave W,Dickinson,ND,58601,45-001-7173,Prairie Rose Elem School,0,0
289,45-001-7574,,Roosevelt Elem School,230 3rd Ave E,Dickinson,ND,58601,45-001-7574,Roosevelt Elem School,0,0
290,45-009-8060,,South Heart Public School,310 4th St NW,South Heart,ND,58655,45-009-8060,South Heart Public School,19,25
291,45-013-0884,,Belfield Public School,302 NE 3rd St,Belfield,ND,58622,45-013-0884,Belfield Public School,14,16
292,45-034-7433,,Richardton-Taylor High School,320 Raider Rd,Richardton,ND,58652,45-034-7433,Richardton-Taylor High School,20,20
293,45-034-8335,,Taylor-Richardton Elem School,306 Ertel Ave,Taylor,ND,58656,45-034-8335,Taylor-Richardton Elem School,0,0
294,46-010-3729,,Hope High School,100 Bates Ave,Hope,ND,58046,46-010-3729,Hope High School,11,8
295,46-019-2827,,Finley-Sharon Public School,201 3rd St E,Finley,ND,58230,46-019-2827,Finley-Sharon Public School,7,8
296,47-001-4570,,Jamestown High School,1509 10th St NE,Jamestown,ND,58401,47-001-4570,Jamestown High School,144,159
297,47-001-4573,,Jamestown Middle School,203 2nd Ave SE,Jamestown,ND,58401,47-001-4573,Jamestown Middle School,0,0
298,47-001-4604,,William S Gussner Elem School,1509 4th St NE,Jamestown,ND,58401,47-001-4604,William S Gussner Elem School,0,0
299,47-001-5284,,Lincoln Elem School,319 5th St NE,Jamestown,ND,58401,47-001-5284,Lincoln Elem School,0,0
300,47-001-5330,,Louis L'Amour Elem School,1102 15th St SW,Jamestown,ND,58401,47-001-5330,Louis LAmour Elem School,0,0
301,47-001-7571,,Roosevelt Elem School,615 6th Ave SE,Jamestown,ND,58401,47-001-7571,Roosevelt Elem School,0,0
302,47-001-9247,,Washington Elem School,700 4th Ave NW,Jamestown,ND,58401,47-001-9247,Washington Elem School,0,0
303,47-003-5657,,Medina Public School,300 School St SE,Medina,ND,58467,47-003-5657,Medina Public School,10,11
304,47-010-1144,,Pingree-Buchanan Elem School,208 3rd Ave,Buchanan,ND,58420,47-010-1144,Pingree-Buchanan Elem School,0,0
305,47-010-7087,,Pingree-Buchanan High School,111 Lincoln Ave,Pingree,ND,58476,47-010-7087,Pingree-Buchanan High School,8,15
306,47-014-5794,,Montpelier Public School,214 7th Ave,Montpelier,ND,58472,47-014-5794,Montpelier Public School,8,10
307,47-019-4892,,Kensal Elem School,803 1st Ave,Kensal,ND,58455,47-019-4892,Kensal Elem School,0,0
308,48-010-1277,,North Star Public School,418 2nd Ave,Cando,ND,58324,48-010-1277,North Star Public School,13,13
309,49-003-1369,,Central Valley Public School,1556 Hwy 81 NE,Buxton,ND,58218,49-003-1369,Central Valley Public School,9,20
310,49-007-3504,,Hatton Eielson Public School,503 4th St,Hatton,ND,58240,49-007-3504,Hatton Eielson Public School,11,13
311,49-009-3630,,Hillsboro High School,12 4th St NE,Hillsboro,ND,58045,49-009-3630,Hillsboro High School,35,36
312,49-009-3633,,Hillsboro Elem School,128 4th St SE,Hillsboro,ND,58045,49-009-3633,Hillsboro Elem School,0,0
313,49-009-8078,,Spruce Lane Colony,15750 6th St SE,Blanchard,ND,58009,49-009-8078,Spruce Lane Colony,0,0
314,49-014-5526,,May-Port CG Middle-High School,900 Main St W,Mayville,ND,58257,49-014-5526,May-Port CG Middle-High School,35,33
315,49-014-7145,,Peter Boe Jr Elem School,20 2nd St NW,Mayville,ND,58257,49-014-7145,Peter Boe Jr Elem School,0,0
316,50-003-1366,,Century Elem School,1540 School Rd,Grafton,ND,58237,50-003-1366,Century Elem School,0,0
317,50-003-3231,,Grafton High School,1548 School Rd,Grafton,ND,58237,50-003-3231,Grafton High School,64,71
318,50-003-3235,,Grafton Junior High School,1556 School Rd,Grafton,ND,58237,50-003-3235,Grafton Junior High School,0,0
319,50-005-2891,,Fordville-Lankin Public School,102 4th Ave W,Fordville,ND,58231,50-005-2891,Fordville-Lankin Public School,4,1
320,50-008-9208,,Park River Area Public School,605 6th St W,Park River,ND,58270,50-008-9208,Park River Area Public School,37,37
321,50-020-5759,,Minto Public School,200 4th St,Minto,ND,58261,50-020-5759,Minto Public School,16,21
322,51-001-0869,,Bel Air Elem School,501 25th St NW,Minot,ND,58703,51-001-0869,Bel Air Elem School,0,0
323,51-001-0886,,Bell Elem School,5901 Hwy 52 S,Minot,ND,58701,51-001-0886,Bell Elem School,0,0
324,51-001-1715,,Dakota Elem School,101 Eagle Way,Minot AFB,ND,58704,51-001-1715,Dakota Elem School,0,0
325,51-001-2111,,Edison Elem School,701 17th Ave SW,Minot,ND,58701,51-001-2111,Edison Elem School,0,0
326,51-001-2480,,Erik Ramstad Middle School,1215 36th Ave NW,Minot,ND,58703,51-001-2480,Erik Ramstad Middle School,0,0
327,51-001-4645,,Jim Hill Middle School,1000 6th St SW,Minot,ND,58701,51-001-4645,Jim Hill Middle School,0,0
328,51-001-4670,,John Hoeven Elem School,3400 13th St SE,Minot,ND,58701,51-001-4670,John Hoeven Elem School,0,0
329,51-001-5326,,Longfellow Elem School,600 16th St NW,Minot,ND,58703,51-001-5326,Longfellow Elem School,0,0
330,51-001-5610,,McKinley Elem School,5 5th Ave NE,Minot,ND,58703,51-001-5610,McKinley Elem School,0,0
331,51-001-5660,,Memorial Middle School,1 Rocket Rd,Minot AFB,ND,58704,51-001-5660,Memorial Middle School,0,0
332,51-001-5746,,North Plains Elem School,101 C St,Minot AFB,ND,58704,51-001-5746,North Plains Elem School,0,0
333,51-001-5750,,Central Campus School,215 1st St SE,Minot,ND,58701,51-001-5750,Central Campus School,0,0
334,51-001-5752,,Magic City Campus High School,1100 11th Ave SW,Minot,ND,58701,51-001-5752,Magic City Campus High School,455,445
335,51-001-6126,,Lewis and Clark Elem School,2215 8th St NW,Minot,ND,58703,51-001-6126,Lewis and Clark Elem School,0,0
336,51-001-6990,,Perkett Elem School,2000 5th Ave SW,Minot,ND,58701,51-001-6990,Perkett Elem School,0,0
337,51-001-7577,,Roosevelt Elem School,715 8th St NE,Minot,ND,58703,51-001-7577,Roosevelt Elem School,0,0
338,51-001-8047,,Souris River Campus Alt High School,1510 University Ave W,Minot,ND,58703,51-001-8047,Souris River Campus Alternative High School,11,34
339,51-001-8264,,Sunnyside Elem School,1000 5th Ave SE,Minot,ND,58701,51-001-8264,Sunnyside Elem School,0,0
340,51-001-9249,,Washington Elem School,600 17th Ave SE,Minot,ND,58701,51-001-9249,Washington Elem School,0,0
341,51-004-6005,,Nedrose Elem School,6900 Hwy 2 E,Minot,ND,58701,51-004-6005,Nedrose Elem School,0,0
342,51-004-6006,,Nedrose Public School,5705 15th Ave SE,Minot,ND,58701,51-004-6006,Nedrose Public School,39,18
343,51-007-8819,,Burlington-Des Lacs Elem School,301 Wallace St,Burlington,ND,58722,51-007-8819,Burlington-Des Lacs Elem School,0,0
344,51-007-8823,,Des Lacs-Burlington High School,317 Roosevelt St,Des Lacs,ND,58733,51-007-8823,Des Lacs-Burlington High School,38,39
345,51-016-7717,,Sawyer Elem School,25 1st Ave SW,Sawyer,ND,58781,51-016-7717,Sawyer Elem School,0,0
346,51-028-4878,,Kenmare Elem School,623 N Central,Kenmare,ND,58746,51-028-4878,Kenmare Elem School,0,0
347,51-028-4882,,Kenmare High School,300 7th Ave NE,Kenmare,ND,58746,51-028-4882,Kenmare High School,19,18
348,51-041-8266,,Surrey Public School,200 2nd St SE,Surrey,ND,58785,51-041-8266,Surrey Public School,15,34
349,51-070-8068,,South Prairie Public School,100 177th Ave SW,Minot,ND,58701,51-070-8068,South Prairie Public School,29,24
350,51-161-0916,,Berthold Public School,401 4th Ave NE,Berthold,ND,58718,51-161-0916,Berthold Public School,16,16
351,51-161-7108,,North Shore Plaza Public School,801 Covell St,Plaza,ND,58771,51-161-7108,North Shore Plaza Public School,8,12
352,52-025-2792,,Fessenden-Bowdon Public School,500 2nd St N,Fessenden,ND,58438,52-025-2792,Fessenden-Bowdon Public School,8,8
353,52-038-3478,,B M Hanson Elem School,811 Burke Ave,Harvey,ND,58341,52-038-3478,B M Hanson Elem School,0,0
354,52-038-3479,,Harvey High School,200 North St E,Harvey,ND,58341,52-038-3479,Harvey High School,36,44
355,53-001-0769,,Bakken Elem School,502 W Highland Dr,Williston,ND,58801,53-001-0769,Bakken Elem School,0,0
356,53-001-1775,,Del Easton Alt High School,2304 11th Ave W,Williston,ND,58801,53-001-1775,Del Easton Alternative High School,3,14
357,53-001-3370,,Hagan Elem School,2501 29th St W,Williston,ND,58801,53-001-3370,Hagan Elem School,0,0
358,53-001-5231,,Lewis and Clark Elem School,704 17th Ave W,Williston,ND,58801,53-001-5231,Lewis and Clark Elem School,0,0
359,53-001-5629,,McVay Elem School,420 University Ave,Williston,ND,58801,53-001-5629,McVay Elem School,0,0
360,53-001-7445,,Rickard Elem School,1224 1st Ave E,Williston,ND,58802,53-001-7445,Rickard Elem School,0,0
361,53-001-9412,,Wilkinson Elem School,1200 9th Ave W,Williston,ND,58802,53-001-9412,Wilkinson Elem School,0,0
362,53-001-9416,,Williston High School,4200 32nd St W,Williston,ND,58801,53-001-9416,Williston High School,281,270
363,53-001-9418,,Williston Middle School,501 14th St W,Williston,ND,58801,53-001-9418,Williston Middle School,0,0
364,53-002-7352,,Ray Public School,224 2nd Ave W,Ray,ND,58849,53-002-7352,Ray Public School,24,21
365,53-006-2270,,Eight Mile Public School,203 1st St E,Trenton,ND,58853,53-006-2270,Eight Mile Public School,23,13
366,53-008-3045,,Garden Valley Elem School,13565 60th St NW Ste 102,Williston,ND,58801,53-008-3045,Garden Valley Elem School,0,0
367,53-008-7600,,Round Prairie Elem School,5098 151st Ave NW,Williston,ND,58801,53-008-7600,Round Prairie Elem School,0,0
368,53-008-8246,,Stony Creek Elem School,5032 133rd Dr NW,Williston,ND,58801,53-008-8246,Stony Creek Elem School,0,0
369,53-015-1360,,Central Elem School,321 N Benson St,Tioga,ND,58852,53-015-1360,Central Elem School,0,0
370,53-015-8463,,Tioga High School,303 N Linda St,Tioga,ND,58852,53-015-8463,Tioga High School,30,22
371,53-099-3281,,Grenora Public School,402 Robinson St,Grenora,ND,58845,53-099-3281,Grenora Public School,9,12
